Label,Value
Alpha,0.29570101189228765
Market,0.005753307664018299
Factor,0.0083308648560913
Risk Free,0.04830000000000001
